id,label
1,0
10,0
100,0
1000,1
10000,1
10001,1
10002,0
10003,1
10004,0
10005,0
10006,0
10007,0
10008,0
10009,0
1001,1
10010,1
10011,1
10012,0
10013,1
10014,0
10015,1
10016,1
10017,0
10018,0
10019,0
1002,0
10020,0
10021,0
10022,1
10023,1
10024,1
10025,1
10026,1
10027,1
10028,0
10029,1
1003,1
10030,1
10031,0
10032,0
10033,0
10034,1
10035,0
10036,1
10037,1
10038,1
10039,1
1004,1
10040,1
10041,1
10042,1
10043,1
10044,0
10045,1
10046,0
10047,1
10048,1
10049,0
1005,0
10050,0
10051,0
10052,1
10053,1
10054,0
10055,0
10056,0
10057,0
10058,1
10059,0
1006,1
10060,1
10061,1
10062,0
10063,1
10064,1
10065,0
10066,0
10067,0
10068,0
10069,0
1007,1
10070,1
10071,0
10072,1
10073,0
10074,0
10075,0
10076,1
10077,0
10078,1
10079,0
1008,0
10080,1
10081,1
10082,0
10083,0
10084,1
10085,1
10086,1
10087,1
10088,0
10089,0
1009,1
10090,0
10091,0
10092,1
10093,0
10094,1
10095,0
10096,1
10097,1
10098,1
10099,1
101,0
1010,1
10100,1
10101,1
10102,0
10103,0
10104,1
10105,1
10106,1
10107,0
10108,0
10109,0
1011,0
10110,1
10111,0
10112,0
10113,1
10114,1
10115,0
10116,0
10117,0
10118,0
10119,1
1012,0
10120,0
10121,0
10122,0
10123,1
10124,1
10125,0
10126,0
10127,1
10128,1
10129,0
1013,0
10130,0
10131,0
10132,0
10133,1
10134,1
10135,1
10136,1
10137,0
10138,1
10139,1
1014,1
10140,0
10141,1
10142,1
10143,1
10144,1
10145,0
10146,1
10147,1
10148,0
10149,0
1015,0
10150,1
10151,0
10152,0
10153,1
10154,0
10155,1
10156,0
10157,0
10158,0
10159,1
1016,0
10160,0
10161,0
10162,1
10163,1
10164,0
10165,1
10166,1
10167,1
10168,0
10169,1
1017,0
10170,0
10171,0
10172,1
10173,0
10174,1
10175,0
10176,1
10177,1
10178,1
10179,1
1018,1
10180,0
10181,0
10182,0
10183,0
10184,0
10185,1
10186,1
10187,1
10188,0
10189,1
1019,1
10190,1
10191,0
10192,1
10193,0
10194,1
10195,1
10196,1
10197,1
10198,0
10199,0
102,1
1020,0
10200,0
10201,0
10202,1
10203,1
10204,0
10205,0
10206,0
10207,1
10208,1
10209,1
1021,0
10210,0
10211,0
10212,0
10213,1
10214,1
10215,0
10216,1
10217,1
10218,0
10219,1
1022,1
10220,1
10221,1
10222,1
10223,0
10224,0
10225,1
10226,0
10227,0
10228,0
10229,0
1023,0
10230,1
10231,1
10232,1
10233,1
10234,0
10235,0
10236,0
10237,0
10238,1
10239,0
1024,1
10240,0
10241,1
10242,1
10243,1
10244,1
10245,1
10246,0
10247,1
10248,0
10249,1
1025,0
10250,0
10251,0
10252,0
10253,1
10254,1
10255,1
10256,0
10257,0
10258,1
10259,1
1026,0
10260,0
10261,1
10262,1
10263,1
10264,1
10265,0
10266,0
10267,0
10268,1
10269,1
1027,0
10270,0
10271,0
10272,1
10273,0
10274,0
10275,1
10276,0
10277,0
10278,1
10279,0
1028,0
10280,0
10281,1
10282,1
10283,1
10284,0
10285,1
10286,0
10287,0
10288,0
10289,0
1029,0
10290,0
10291,1
10292,0
10293,1
10294,0
10295,0
10296,0
10297,1
10298,1
10299,0
103,0
1030,0
10300,1
10301,0
10302,1
10303,0
10304,1
10305,0
10306,1
10307,0
10308,0
10309,0
1031,0
10310,0
10311,0
10312,0
10313,1
10314,0
10315,1
10316,0
10317,1
10318,0
10319,0
1032,0
10320,1
10321,1
10322,0
10323,0
10324,1
10325,0
10326,1
10327,1
10328,0
10329,1
1033,0
10330,1
10331,0
10332,1
10333,0
10334,0
10335,1
10336,1
10337,1
10338,0
10339,0
1034,1
10340,1
10341,0
10342,1
10343,0
10344,1
10345,0
10346,0
10347,0
10348,1
10349,1
1035,0
10350,1
10351,0
10352,1
10353,0
10354,1
10355,0
10356,0
10357,1
10358,0
10359,0
1036,0
10360,1
10361,0
10362,0
10363,0
10364,1
10365,0
10366,1
10367,1
10368,1
10369,0
1037,0
10370,1
10371,1
10372,1
10373,0
10374,0
10375,0
10376,0
10377,0
10378,0
10379,1
1038,1
10380,1
10381,1
10382,1
10383,0
10384,1
10385,1
10386,0
10387,1
10388,0
10389,1
1039,0
10390,1
10391,0
10392,0
10393,0
10394,0
10395,1
10396,1
10397,0
10398,0
10399,1
104,0
1040,1
10400,1
10401,0
10402,0
10403,1
10404,0
10405,0
10406,0
10407,0
10408,0
10409,1
1041,0
10410,0
10411,0
10412,0
10413,0
10414,1
10415,1
10416,0
10417,0
10418,1
10419,1
1042,1
10420,1
10421,1
10422,0
10423,0
10424,0
10425,1
10426,1
10427,0
10428,1
10429,0
1043,0
10430,1
10431,0
10432,1
10433,1
10434,0
10435,1
10436,1
10437,1
10438,1
10439,1
1044,0
10440,1
10441,0
10442,1
10443,1
10444,1
10445,1
10446,1
10447,0
10448,1
10449,1
1045,0
10450,0
10451,0
10452,1
10453,0
10454,0
10455,0
10456,0
10457,0
10458,1
10459,0
1046,0
10460,0
10461,0
10462,0
10463,0
10464,1
10465,1
10466,1
10467,0
10468,0
10469,0
1047,0
10470,0
10471,0
10472,0
10473,1
10474,1
10475,0
10476,1
10477,0
10478,1
10479,0
1048,1
10480,0
10481,0
10482,0
10483,1
10484,1
10485,1
10486,0
10487,1
10488,1
10489,0
1049,0
10490,0
10491,0
10492,1
10493,1
10494,0
10495,0
10496,1
10497,1
10498,0
10499,1
105,0
1050,0
10500,1
10501,1
10502,1
10503,0
10504,1
10505,1
10506,0
10507,0
10508,0
10509,1
1051,1
10510,0
10511,0
10512,0
10513,0
10514,0
10515,0
10516,1
10517,1
10518,1
10519,0
1052,1
10520,1
10521,0
10522,1
10523,1
10524,0
10525,0
10526,1
10527,1
10528,0
10529,0
1053,0
10530,0
10531,1
10532,1
10533,0
10534,1
10535,0
10536,1
10537,0
10538,0
10539,0
1054,1
10540,1
10541,1
10542,1
10543,0
10544,0
10545,0
10546,0
10547,0
10548,1
10549,1
1055,0
10550,1
10551,1
10552,0
10553,1
10554,1
10555,0
10556,1
10557,0
10558,0
10559,1
1056,1
10560,1
10561,1
10562,1
10563,1
10564,1
10565,1
10566,1
10567,1
10568,1
10569,1
1057,0
10570,1
10571,1
10572,0
10573,0
10574,0
10575,0
10576,0
10577,0
10578,1
10579,0
1058,0
10580,1
10581,1
10582,0
10583,1
10584,1
10585,1
10586,0
10587,1
10588,0
10589,0
1059,0
10590,0
10591,1
10592,1
10593,1
10594,1
10595,0
10596,1
10597,0
10598,1
10599,0
106,1
1060,0
10600,1
10601,0
10602,1
10603,0
10604,1
10605,1
10606,1
10607,0
10608,1
10609,1
1061,0
10610,1
10611,0
10612,1
10613,0
10614,0
10615,0
10616,1
10617,0
10618,1
10619,0
1062,0
10620,0
10621,0
10622,1
10623,0
10624,0
10625,1
10626,0
10627,1
10628,0
10629,1
1063,0
10630,0
10631,0
10632,1
10633,1
10634,0
10635,0
10636,1
10637,0
10638,0
10639,1
1064,1
10640,1
10641,1
10642,1
10643,0
10644,1
10645,1
10646,1
10647,0
10648,1
10649,0
1065,0
10650,1
10651,1
10652,0
10653,0
10654,0
10655,0
10656,1
10657,0
10658,1
10659,1
1066,1
10660,0
10661,0
10662,1
10663,0
10664,0
10665,1
10666,1
10667,1
10668,0
10669,0
1067,1
10670,0
10671,0
10672,0
10673,1
10674,0
10675,0
10676,0
10677,0
10678,0
10679,0
1068,1
10680,1
10681,0
10682,0
10683,1
10684,1
10685,1
10686,1
10687,0
10688,1
10689,1
1069,0
10690,0
10691,0
10692,0
10693,1
10694,0
10695,1
10696,0
10697,1
10698,0
10699,0
107,1
1070,1
10700,0
10701,1
10702,0
10703,1
10704,1
10705,1
10706,0
10707,1
10708,1
10709,1
1071,0
10710,0
10711,0
10712,1
10713,0
10714,0
10715,1
10716,0
10717,1
10718,0
10719,1
1072,1
10720,1
10721,0
10722,0
10723,1
10724,1
10725,1
10726,0
10727,0
10728,0
10729,0
1073,0
10730,1
10731,1
10732,1
10733,1
10734,0
10735,1
10736,1
10737,0
10738,0
10739,1
1074,1
10740,0
10741,1
10742,1
10743,1
10744,1
10745,0
10746,1
10747,0
10748,0
10749,0
1075,1
10750,1
10751,0
10752,0
10753,1
10754,0
10755,1
10756,1
10757,0
10758,1
10759,1
1076,0
10760,0
10761,0
10762,0
10763,0
10764,0
10765,1
10766,1
10767,1
10768,1
10769,1
1077,0
10770,1
10771,1
10772,0
10773,0
10774,0
10775,0
10776,0
10777,1
10778,0
10779,0
1078,0
10780,0
10781,0
10782,1
10783,0
10784,0
10785,0
10786,0
10787,1
10788,1
10789,0
1079,1
10790,1
10791,1
10792,0
10793,0
10794,1
10795,0
10796,0
10797,1
10798,0
10799,0
108,1
1080,1
10800,0
10801,1
10802,0
10803,0
10804,1
10805,0
10806,1
10807,0
10808,0
10809,0
1081,1
10810,1
10811,1
10812,0
10813,1
10814,0
10815,0
10816,1
10817,1
10818,1
10819,0
1082,1
10820,1
10821,1
10822,0
10823,0
10824,0
10825,1
10826,1
10827,0
10828,0
10829,0
1083,1
10830,0
10831,1
10832,1
10833,1
10834,1
10835,0
10836,1
10837,1
10838,1
10839,0
1084,0
10840,0
10841,0
10842,0
10843,0
10844,1
10845,1
10846,0
10847,1
10848,1
10849,1
1085,1
10850,0
10851,1
10852,0
10853,1
10854,1
10855,1
10856,0
10857,1
10858,1
10859,1
1086,1
10860,1
10861,1
10862,0
10863,1
10864,1
10865,0
10866,1
10867,0
10868,0
10869,0
1087,1
10870,1
10871,1
10872,0
10873,0
10874,0
10875,1
10876,0
10877,0
10878,0
10879,1
1088,0
10880,0
10881,1
10882,0
10883,1
10884,0
10885,0
10886,0
10887,0
10888,1
10889,0
1089,1
10890,1
10891,0
10892,1
10893,0
10894,0
10895,1
10896,1
10897,0
10898,1
10899,1
109,1
1090,0
10900,1
10901,0
10902,1
10903,1
10904,1
10905,1
10906,0
10907,1
10908,0
10909,1
1091,1
10910,0
10911,1
10912,1
10913,1
10914,1
10915,0
10916,0
10917,0
10918,0
10919,1
1092,1
10920,0
10921,1
10922,0
10923,0
10924,1
10925,1
10926,0
10927,0
10928,0
10929,0
1093,1
10930,1
10931,0
10932,1
10933,1
10934,1
10935,1
10936,0
10937,1
10938,1
10939,0
1094,1
10940,1
10941,0
10942,0
10943,1
10944,0
10945,0
10946,1
10947,1
10948,1
10949,1
1095,1
10950,0
10951,1
10952,1
10953,0
10954,1
10955,0
10956,0
10957,0
10958,0
10959,0
1096,1
10960,0
10961,0
10962,0
10963,1
10964,0
10965,0
10966,1
10967,0
10968,1
10969,1
1097,0
10970,0
10971,0
10972,0
10973,0
10974,1
10975,0
10976,1
10977,0
10978,0
10979,1
1098,0
10980,0
10981,0
10982,1
10983,1
10984,1
10985,1
10986,0
10987,0
10988,0
10989,0
1099,0
10990,1
10991,0
10992,0
10993,1
10994,0
10995,0
10996,1
10997,0
10998,1
10999,1
11,0
110,1
1100,0
11000,0
11001,1
11002,1
11003,1
11004,0
11005,1
11006,1
11007,1
11008,0
11009,0
1101,0
11010,1
11011,0
11012,1
11013,1
11014,1
11015,1
11016,1
11017,1
11018,0
11019,1
1102,0
11020,0
11021,1
11022,0
11023,1
11024,1
11025,0
11026,0
11027,1
11028,0
11029,1
1103,0
11030,1
11031,0
11032,0
11033,1
11034,0
11035,1
11036,1
11037,1
11038,0
11039,0
1104,0
11040,0
11041,1
11042,1
11043,1
11044,1
11045,0
11046,1
11047,1
11048,1
11049,0
1105,1
11050,1
11051,1
11052,0
11053,1
11054,1
11055,0
11056,0
11057,1
11058,0
11059,1
1106,0
11060,0
11061,0
11062,1
11063,0
11064,0
11065,1
11066,1
11067,1
11068,0
11069,1
1107,0
11070,1
11071,1
11072,1
11073,1
11074,0
11075,1
11076,0
11077,0
11078,1
11079,1
1108,1
11080,1
11081,1
11082,0
11083,0
11084,0
11085,0
11086,0
11087,0
11088,0
11089,1
1109,0
11090,1
11091,0
11092,1
11093,1
11094,0
11095,1
11096,1
11097,1
11098,1
11099,0
111,0
1110,0
11100,1
11101,1
11102,0
11103,0
11104,1
11105,1
11106,0
11107,1
11108,0
11109,0
1111,0
11110,0
11111,1
11112,1
11113,1
11114,1
11115,0
11116,0
11117,1
11118,0
11119,1
1112,0
11120,1
11121,0
11122,0
11123,1
11124,0
11125,1
11126,1
11127,1
11128,1
11129,0
1113,0
11130,0
11131,0
11132,0
11133,1
11134,0
11135,0
11136,1
11137,0
11138,1
11139,1
1114,1
11140,1
11141,1
11142,1
11143,1
11144,0
11145,1
11146,0
11147,1
11148,1
11149,1
1115,1
11150,1
11151,1
11152,1
11153,1
11154,1
11155,1
11156,0
11157,1
11158,1
11159,1
1116,1
11160,0
11161,1
11162,0
11163,1
11164,1
11165,1
11166,0
11167,0
11168,0
11169,0
1117,0
11170,0
11171,0
11172,0
11173,1
11174,0
11175,1
11176,1
11177,0
11178,1
11179,0
1118,0
11180,1
11181,0
11182,1
11183,0
11184,0
11185,0
11186,0
11187,0
11188,1
11189,1
1119,0
11190,0
11191,1
11192,1
11193,1
11194,0
11195,1
11196,0
11197,0
11198,0
11199,0
112,0
1120,0
11200,1
11201,1
11202,1
11203,0
11204,1
11205,1
11206,0
11207,0
11208,1
11209,0
1121,1
11210,1
11211,1
11212,1
11213,0
11214,0
11215,0
11216,1
11217,1
11218,1
11219,0
1122,1
11220,0
11221,1
11222,1
11223,0
11224,0
11225,0
11226,0
11227,1
11228,1
11229,1
1123,0
11230,1
11231,1
11232,1
11233,0
11234,0
11235,0
11236,0
11237,1
11238,1
11239,0
1124,0
11240,0
11241,1
11242,1
11243,0
11244,1
11245,0
11246,0
11247,1
11248,1
11249,1
1125,0
11250,1
11251,0
11252,0
11253,0
11254,1
11255,0
11256,0
11257,0
11258,1
11259,1
1126,0
11260,0
11261,1
11262,1
11263,1
11264,1
11265,1
11266,0
11267,0
11268,1
11269,1
1127,0
11270,0
11271,1
11272,1
11273,1
11274,1
11275,0
11276,0
11277,1
11278,1
11279,1
1128,1
11280,0
11281,1
11282,1
11283,1
11284,1
11285,1
11286,1
11287,0
11288,0
11289,0
1129,0
11290,1
11291,0
11292,0
11293,1
11294,1
11295,0
11296,1
11297,1
11298,0
11299,0
113,1
1130,1
11300,0
11301,0
11302,1
11303,1
11304,0
11305,0
11306,1
11307,0
11308,0
11309,1
1131,1
11310,1
11311,1
11312,1
11313,0
11314,1
11315,0
11316,1
11317,0
11318,0
11319,0
1132,0
11320,1
11321,1
11322,1
11323,0
11324,0
11325,1
11326,1
11327,1
11328,0
11329,1
1133,0
11330,0
11331,1
11332,1
11333,1
11334,1
11335,1
11336,0
11337,0
11338,1
11339,1
1134,0
11340,1
11341,1
11342,0
11343,1
11344,1
11345,0
11346,0
11347,1
11348,1
11349,0
1135,0
11350,0
11351,0
11352,1
11353,0
11354,0
11355,0
11356,1
11357,1
11358,0
11359,0
1136,1
11360,1
11361,0
11362,0
11363,1
11364,0
11365,0
11366,1
11367,0
11368,0
11369,0
1137,1
11370,1
11371,0
11372,0
11373,0
11374,0
11375,0
11376,0
11377,0
11378,0
11379,0
1138,0
11380,1
11381,0
11382,0
11383,1
11384,0
11385,1
11386,1
11387,1
11388,0
11389,1
1139,0
11390,0
11391,0
11392,0
11393,0
11394,1
11395,1
11396,0
11397,0
11398,1
11399,1
114,1
1140,0
11400,1
11401,0
11402,1
11403,0
11404,0
11405,0
11406,1
11407,1
11408,0
11409,0
1141,0
11410,0
11411,1
11412,1
11413,0
11414,0
11415,1
11416,1
11417,0
11418,1
11419,1
1142,0
11420,1
11421,0
11422,1
11423,1
11424,0
11425,0
11426,1
11427,1
11428,1
11429,1
1143,1
11430,1
11431,0
11432,0
11433,0
11434,0
11435,1
11436,1
11437,0
11438,1
11439,1
1144,1
11440,0
11441,0
11442,1
11443,1
11444,0
11445,1
11446,0
11447,0
11448,1
11449,0
1145,1
11450,0
11451,0
11452,1
11453,1
11454,1
11455,0
11456,0
11457,0
11458,1
11459,1
1146,1
11460,0
11461,1
11462,1
11463,0
11464,0
11465,1
11466,1
11467,0
11468,1
11469,1
1147,1
11470,1
11471,0
11472,1
11473,1
11474,0
11475,0
11476,0
11477,0
11478,0
11479,0
1148,0
11480,1
11481,0
11482,0
11483,1
11484,0
11485,0
11486,1
11487,1
11488,1
11489,0
1149,1
11490,1
11491,0
11492,0
11493,0
11494,1
11495,1
11496,1
11497,1
11498,0
11499,0
115,0
1150,0
11500,0
11501,1
11502,0
11503,0
11504,0
11505,0
11506,1
11507,1
11508,0
11509,1
1151,1
11510,0
11511,0
11512,0
11513,1
11514,0
11515,1
11516,1
11517,1
11518,0
11519,1
1152,0
11520,1
11521,0
11522,0
11523,0
11524,0
11525,1
11526,1
11527,1
11528,0
11529,0
1153,0
11530,1
11531,0
11532,0
11533,1
11534,0
11535,1
11536,0
11537,1
11538,0
11539,1
1154,1
11540,0
11541,1
11542,0
11543,0
11544,0
11545,0
11546,0
11547,0
11548,0
11549,0
1155,1
11550,1
11551,0
11552,1
11553,1
11554,1
11555,1
11556,0
11557,0
11558,0
11559,1
1156,1
11560,0
11561,1
11562,1
11563,0
11564,0
11565,0
11566,0
11567,1
11568,0
11569,1
1157,1
11570,1
11571,1
11572,0
11573,0
11574,0
11575,1
11576,1
11577,0
11578,0
11579,1
1158,1
11580,1
11581,0
11582,0
11583,0
11584,1
11585,0
11586,1
11587,0
11588,0
11589,1
1159,0
11590,0
11591,0
11592,0
11593,1
11594,0
11595,0
11596,0
11597,0
11598,1
11599,0
116,0
1160,0
11600,1
11601,1
11602,1
11603,1
11604,1
11605,0
11606,1
11607,0
11608,0
11609,1
1161,1
11610,0
11611,0
11612,1
11613,0
11614,0
11615,0
11616,0
11617,1
11618,0
11619,1
1162,1
11620,0
11621,0
11622,0
11623,1
11624,0
11625,1
11626,1
11627,1
11628,0
11629,0
1163,0
11630,1
11631,0
11632,0
11633,0
11634,0
11635,1
11636,0
11637,1
11638,0
11639,0
1164,0
11640,1
11641,0
11642,1
11643,1
11644,1
11645,0
11646,1
11647,1
11648,1
11649,1
1165,0
11650,0
11651,1
11652,1
11653,0
11654,1
11655,1
11656,1
11657,0
11658,0
11659,0
1166,1
11660,0
11661,0
11662,1
11663,1
11664,0
11665,1
11666,0
11667,1
11668,0
11669,1
1167,1
11670,1
11671,1
11672,0
11673,1
11674,1
11675,0
11676,0
11677,1
11678,0
11679,0
1168,0
11680,0
11681,1
11682,0
11683,1
11684,1
11685,0
11686,1
11687,0
11688,1
11689,0
1169,0
11690,1
11691,0
11692,0
11693,0
11694,0
11695,0
11696,1
11697,1
11698,0
11699,1
117,0
1170,0
11700,0
11701,0
11702,0
11703,0
11704,0
11705,1
11706,1
11707,1
11708,0
11709,1
1171,0
11710,0
11711,0
11712,1
11713,1
11714,1
11715,1
11716,1
11717,0
11718,1
11719,0
1172,0
11720,1
11721,0
11722,0
11723,1
11724,0
11725,1
11726,0
11727,0
11728,0
11729,0
1173,1
11730,0
11731,1
11732,1
11733,1
11734,1
11735,1
11736,1
11737,0
11738,0
11739,1
1174,1
11740,1
11741,1
11742,0
11743,0
11744,0
11745,0
11746,1
11747,0
11748,0
11749,1
1175,1
11750,0
11751,0
11752,0
11753,1
11754,0
11755,0
11756,0
11757,1
11758,1
11759,1
1176,0
11760,1
11761,1
11762,0
11763,1
11764,1
11765,1
11766,1
11767,1
11768,0
11769,1
1177,0
11770,1
11771,0
11772,1
11773,1
11774,1
11775,0
11776,0
11777,0
11778,0
11779,0
1178,1
11780,1
11781,0
11782,1
11783,0
11784,1
11785,1
11786,0
11787,1
11788,0
11789,1
1179,1
11790,0
11791,1
11792,1
11793,0
11794,0
11795,1
11796,0
11797,0
11798,0
11799,1
118,1
1180,1
11800,0
11801,1
11802,0
11803,0
11804,1
11805,1
11806,0
11807,0
11808,1
11809,1
1181,1
11810,1
11811,0
11812,0
11813,0
11814,1
11815,1
11816,1
11817,0
11818,1
11819,0
1182,1
11820,0
11821,1
11822,1
11823,1
11824,1
11825,1
11826,1
11827,1
11828,0
11829,1
1183,1
11830,0
11831,1
11832,0
11833,1
11834,1
11835,0
11836,0
11837,0
11838,1
11839,1
1184,1
11840,1
11841,1
11842,0
11843,1
11844,0
11845,0
11846,0
11847,0
11848,0
11849,1
1185,0
11850,1
11851,1
11852,1
11853,0
11854,0
11855,1
11856,0
11857,0
11858,0
11859,0
1186,1
11860,1
11861,1
11862,1
11863,0
11864,0
11865,1
11866,1
11867,1
11868,0
11869,1
1187,0
11870,1
11871,1
11872,1
11873,0
11874,1
11875,1
11876,0
11877,1
11878,0
11879,1
1188,0
11880,0
11881,0
11882,1
11883,1
11884,1
11885,0
11886,1
11887,0
11888,0
11889,0
1189,1
11890,1
11891,0
11892,1
11893,0
11894,0
11895,1
11896,0
11897,1
11898,0
11899,0
119,1
1190,1
11900,1
11901,0
11902,1
11903,1
11904,1
11905,0
11906,1
11907,0
11908,0
11909,0
1191,1
11910,1
11911,0
11912,0
11913,0
11914,1
11915,1
11916,0
11917,0
11918,1
11919,0
1192,0
11920,1
11921,1
11922,1
11923,1
11924,0
11925,0
11926,1
11927,1
11928,1
11929,0
1193,0
11930,0
11931,1
11932,1
11933,1
11934,1
11935,1
11936,0
11937,1
11938,1
11939,0
1194,0
11940,0
11941,1
11942,0
11943,0
11944,1
11945,0
11946,0
11947,0
11948,0
11949,0
1195,1
11950,0
11951,0
11952,1
11953,1
11954,1
11955,1
11956,0
11957,1
11958,1
11959,0
1196,0
11960,1
11961,1
11962,0
11963,0
11964,1
11965,1
11966,0
11967,0
11968,0
11969,1
1197,0
11970,1
11971,0
11972,1
11973,0
11974,0
11975,1
11976,0
11977,1
11978,1
11979,1
1198,0
11980,1
11981,0
11982,1
11983,0
11984,1
11985,1
11986,1
11987,1
11988,1
11989,0
1199,1
11990,1
11991,0
11992,1
11993,0
11994,0
11995,0
11996,0
11997,1
11998,1
11999,1
12,1
120,0
1200,1
12000,1
12001,0
12002,1
12003,0
12004,0
12005,1
12006,0
12007,0
12008,0
12009,1
1201,1
12010,1
12011,0
12012,1
12013,1
12014,1
12015,1
12016,0
12017,1
12018,0
12019,0
1202,0
12020,0
12021,1
12022,1
12023,1
12024,1
12025,1
12026,1
12027,0
12028,1
12029,0
1203,0
12030,0
12031,0
12032,0
12033,0
12034,0
12035,1
12036,1
12037,0
12038,1
12039,0
1204,0
12040,1
12041,0
12042,1
12043,1
12044,0
12045,0
12046,1
12047,0
12048,1
12049,0
1205,1
12050,0
12051,1
12052,1
12053,0
12054,1
12055,1
12056,1
12057,1
12058,0
12059,0
1206,1
12060,1
12061,1
12062,1
12063,1
12064,1
12065,0
12066,0
12067,0
12068,0
12069,0
1207,0
12070,0
12071,0
12072,0
12073,0
12074,0
12075,1
12076,1
12077,0
12078,0
12079,1
1208,0
12080,1
12081,0
12082,1
12083,1
12084,0
12085,0
12086,1
12087,1
12088,1
12089,0
1209,0
12090,1
12091,0
12092,1
12093,0
12094,0
12095,0
12096,1
12097,0
12098,1
12099,0
121,1
1210,0
12100,1
12101,0
12102,0
12103,0
12104,0
12105,0
12106,1
12107,1
12108,1
12109,1
1211,1
12110,0
12111,0
12112,1
12113,1
12114,1
12115,0
12116,1
12117,1
12118,0
12119,0
1212,0
12120,1
12121,1
12122,1
12123,0
12124,0
12125,0
12126,1
12127,0
12128,0
12129,0
1213,0
12130,0
12131,1
12132,0
12133,1
12134,0
12135,1
12136,0
12137,1
12138,0
12139,1
1214,1
12140,0
12141,0
12142,0
12143,1
12144,0
12145,1
12146,1
12147,1
12148,1
12149,1
1215,1
12150,0
12151,0
12152,0
12153,0
12154,0
12155,1
12156,1
12157,0
12158,0
12159,0
1216,1
12160,0
12161,0
12162,0
12163,1
12164,0
12165,0
12166,0
12167,1
12168,0
12169,0
1217,0
12170,1
12171,0
12172,1
12173,1
12174,0
12175,1
12176,0
12177,1
12178,1
12179,1
1218,0
12180,1
12181,0
12182,1
12183,1
12184,1
12185,0
12186,1
12187,0
12188,0
12189,1
1219,0
12190,1
12191,1
12192,1
12193,0
12194,0
12195,0
12196,1
12197,0
12198,0
12199,1
122,0
1220,0
12200,1
12201,1
12202,0
12203,0
12204,0
12205,0
12206,0
12207,1
12208,1
12209,0
1221,0
12210,0
12211,1
12212,0
12213,0
12214,0
12215,0
12216,1
12217,0
12218,0
12219,1
1222,0
12220,0
12221,0
12222,1
12223,0
12224,1
12225,1
12226,1
12227,0
12228,1
12229,1
1223,1
12230,1
12231,1
12232,0
12233,0
12234,1
12235,1
12236,1
12237,1
12238,1
12239,0
1224,1
12240,0
12241,0
12242,0
12243,0
12244,0
12245,0
12246,1
12247,1
12248,1
12249,1
1225,0
12250,1
12251,1
12252,0
12253,1
12254,1
12255,0
12256,1
12257,1
12258,0
12259,1
1226,0
12260,1
12261,0
12262,1
12263,1
12264,1
12265,0
12266,0
12267,0
12268,1
12269,1
1227,1
12270,1
12271,1
12272,0
12273,1
12274,1
12275,1
12276,0
12277,1
12278,1
12279,0
1228,0
12280,0
12281,1
12282,0
12283,1
12284,1
12285,0
12286,1
12287,1
12288,0
12289,0
1229,1
12290,1
12291,1
12292,1
12293,0
12294,0
12295,0
12296,0
12297,1
12298,0
12299,0
123,0
1230,0
12300,1
12301,0
12302,0
12303,1
12304,1
12305,0
12306,0
12307,0
12308,0
12309,0
1231,1
12310,1
12311,1
12312,0
12313,1
12314,1
12315,1
12316,1
12317,1
12318,1
12319,0
1232,1
12320,1
12321,1
12322,1
12323,0
12324,0
12325,0
12326,0
12327,1
12328,1
12329,0
1233,0
12330,0
12331,0
12332,1
12333,1
12334,0
12335,1
12336,0
12337,0
12338,1
12339,0
1234,0
12340,0
12341,1
12342,1
12343,0
12344,0
12345,0
12346,0
12347,1
12348,1
12349,0
1235,0
12350,1
12351,1
12352,1
12353,0
12354,0
12355,0
12356,0
12357,1
12358,0
12359,1
1236,1
12360,1
12361,1
12362,1
12363,0
12364,1
12365,0
12366,1
12367,1
12368,0
12369,1
1237,1
12370,0
12371,1
12372,1
12373,0
12374,0
12375,1
12376,1
12377,1
12378,1
12379,1
1238,1
12380,0
12381,1
12382,1
12383,0
12384,0
12385,1
12386,1
12387,0
12388,0
12389,0
1239,1
12390,0
12391,1
12392,1
12393,0
12394,0
12395,0
12396,0
12397,0
12398,1
12399,1
124,0
1240,0
12400,0
12401,1
12402,0
12403,0
12404,0
12405,0
12406,0
12407,0
12408,0
12409,1
1241,1
12410,0
12411,1
12412,1
12413,1
12414,1
12415,0
12416,0
12417,1
12418,0
12419,0
1242,1
12420,0
12421,1
12422,1
12423,0
12424,0
12425,1
12426,0
12427,0
12428,0
12429,0
1243,1
12430,1
12431,0
12432,1
12433,1
12434,0
12435,1
12436,1
12437,0
12438,1
12439,1
1244,0
12440,1
12441,0
12442,0
12443,1
12444,1
12445,0
12446,0
12447,1
12448,1
12449,0
1245,1
12450,0
12451,1
12452,1
12453,1
12454,1
12455,0
12456,0
12457,0
12458,1
12459,1
1246,0
12460,1
12461,0
12462,0
12463,1
12464,1
12465,0
12466,0
12467,1
12468,0
12469,0
1247,0
12470,1
12471,1
12472,1
12473,0
12474,0
12475,0
12476,1
12477,1
12478,1
12479,0
1248,1
12480,0
12481,0
12482,0
12483,0
12484,0
12485,0
12486,1
12487,1
12488,1
12489,0
1249,0
12490,1
12491,0
12492,1
12493,1
12494,1
12495,0
12496,0
12497,0
12498,1
12499,1
125,1
1250,1
12500,0
1251,0
1252,0
1253,1
1254,0
1255,0
1256,1
1257,1
1258,0
1259,0
126,0
1260,0
1261,1
1262,1
1263,1
1264,0
1265,0
1266,0
1267,1
1268,0
1269,1
127,0
1270,1
1271,1
1272,1
1273,1
1274,0
1275,1
1276,1
1277,0
1278,0
1279,1
128,0
1280,1
1281,0
1282,1
1283,1
1284,0
1285,0
1286,1
1287,1
1288,0
1289,1
129,1
1290,0
1291,0
1292,0
1293,0
1294,1
1295,0
1296,0
1297,0
1298,0
1299,0
13,0
130,0
1300,0
1301,1
1302,0
1303,0
1304,1
1305,0
1306,1
1307,1
1308,0
1309,0
131,1
1310,0
1311,1
1312,1
1313,0
1314,1
1315,1
1316,0
1317,1
1318,0
1319,1
132,0
1320,1
1321,0
1322,0
1323,0
1324,0
1325,0
1326,1
1327,0
1328,0
1329,1
133,0
1330,1
1331,1
1332,1
1333,1
1334,1
1335,0
1336,0
1337,0
1338,1
1339,0
134,0
1340,1
1341,0
1342,1
1343,1
1344,1
1345,0
1346,0
1347,0
1348,0
1349,1
135,0
1350,1
1351,1
1352,1
1353,1
1354,0
1355,0
1356,1
1357,0
1358,1
1359,1
136,0
1360,1
1361,0
1362,0
1363,0
1364,0
1365,1
1366,1
1367,1
1368,0
1369,1
137,1
1370,0
1371,0
1372,1
1373,1
1374,1
1375,0
1376,1
1377,1
1378,1
1379,0
138,1
1380,1
1381,1
1382,1
1383,0
1384,0
1385,1
1386,1
1387,1
1388,0
1389,1
139,1
1390,0
1391,0
1392,1
1393,0
1394,0
1395,1
1396,0
1397,0
1398,1
1399,1
14,0
140,0
1400,1
1401,1
1402,0
1403,0
1404,1
1405,1
1406,0
1407,0
1408,0
1409,1
141,0
1410,0
1411,1
1412,1
1413,0
1414,0
1415,0
1416,0
1417,0
1418,0
1419,0
142,0
1420,0
1421,1
1422,0
1423,0
1424,1
1425,0
1426,0
1427,0
1428,1
1429,1
143,1
1430,1
1431,1
1432,1
1433,0
1434,1
1435,1
1436,1
1437,1
1438,0
1439,1
144,0
1440,1
1441,0
1442,1
1443,1
1444,0
1445,1
1446,1
1447,1
1448,0
1449,1
145,1
1450,0
1451,1
1452,1
1453,0
1454,0
1455,0
1456,0
1457,1
1458,0
1459,0
146,1
1460,0
1461,0
1462,1
1463,0
1464,0
1465,0
1466,0
1467,0
1468,1
1469,1
147,0
1470,1
1471,1
1472,0
1473,0
1474,0
1475,0
1476,1
1477,0
1478,0
1479,0
148,0
1480,0
1481,1
1482,0
1483,1
1484,0
1485,1
1486,1
1487,1
1488,0
1489,1
149,0
1490,0
1491,1
1492,1
1493,1
1494,1
1495,1
1496,1
1497,1
1498,0
1499,0
15,0
150,0
1500,0
1501,1
1502,0
1503,0
1504,1
1505,0
1506,1
1507,0
1508,1
1509,1
151,1
1510,0
1511,0
1512,1
1513,0
1514,0
1515,0
1516,1
1517,1
1518,0
1519,1
152,0
1520,0
1521,1
1522,0
1523,1
1524,1
1525,1
1526,1
1527,0
1528,0
1529,1
153,0
1530,1
1531,1
1532,1
1533,0
1534,1
1535,0
1536,1
1537,1
1538,1
1539,0
154,0
1540,0
1541,1
1542,1
1543,1
1544,1
1545,0
1546,1
1547,0
1548,0
1549,1
155,1
1550,0
1551,0
1552,0
1553,1
1554,1
1555,0
1556,0
1557,1
1558,0
1559,0
156,0
1560,1
1561,0
1562,0
1563,1
1564,1
1565,1
1566,1
1567,0
1568,0
1569,1
157,0
1570,0
1571,0
1572,0
1573,1
1574,1
1575,1
1576,0
1577,1
1578,0
1579,0
158,1
1580,1
1581,1
1582,0
1583,0
1584,0
1585,0
1586,0
1587,0
1588,0
1589,0
159,1
1590,1
1591,1
1592,0
1593,0
1594,0
1595,0
1596,1
1597,0
1598,1
1599,1
16,0
160,1
1600,0
1601,0
1602,1
1603,0
1604,0
1605,0
1606,0
1607,0
1608,0
1609,0
161,0
1610,0
1611,0
1612,1
1613,0
1614,0
1615,0
1616,0
1617,1
1618,0
1619,1
162,0
1620,1
1621,1
1622,0
1623,1
1624,1
1625,1
1626,0
1627,0
1628,1
1629,1
163,0
1630,1
1631,1
1632,1
1633,1
1634,0
1635,0
1636,1
1637,1
1638,1
1639,0
164,1
1640,1
1641,0
1642,1
1643,1
1644,1
1645,1
1646,0
1647,0
1648,0
1649,0
165,1
1650,1
1651,0
1652,1
1653,1
1654,1
1655,0
1656,1
1657,0
1658,1
1659,1
166,0
1660,0
1661,0
1662,1
1663,0
1664,1
1665,0
1666,0
1667,1
1668,0
1669,1
167,0
1670,1
1671,1
1672,1
1673,0
1674,0
1675,1
1676,1
1677,0
1678,1
1679,0
168,0
1680,0
1681,0
1682,1
1683,0
1684,0
1685,0
1686,0
1687,1
1688,0
1689,0
169,0
1690,1
1691,1
1692,1
1693,1
1694,0
1695,1
1696,1
1697,0
1698,1
1699,1
17,1
170,1
1700,0
1701,1
1702,0
1703,1
1704,1
1705,1
1706,1
1707,1
1708,0
1709,0
171,1
1710,1
1711,1
1712,1
1713,0
1714,0
1715,0
1716,0
1717,1
1718,0
1719,1
172,1
1720,1
1721,0
1722,1
1723,0
1724,1
1725,1
1726,1
1727,1
1728,1
1729,0
173,0
1730,1
1731,0
1732,1
1733,1
1734,0
1735,0
1736,0
1737,1
1738,0
1739,0
174,0
1740,0
1741,1
1742,1
1743,0
1744,0
1745,0
1746,1
1747,1
1748,1
1749,0
175,1
1750,0
1751,1
1752,0
1753,0
1754,0
1755,1
1756,0
1757,1
1758,1
1759,1
176,1
1760,0
1761,1
1762,1
1763,0
1764,1
1765,0
1766,1
1767,1
1768,1
1769,1
177,0
1770,0
1771,0
1772,1
1773,1
1774,0
1775,1
1776,1
1777,1
1778,0
1779,0
178,1
1780,0
1781,1
1782,1
1783,0
1784,0
1785,1
1786,1
1787,1
1788,1
1789,1
179,0
1790,0
1791,0
1792,0
1793,1
1794,1
1795,0
1796,0
1797,1
1798,1
1799,0
18,1
180,0
1800,1
1801,1
1802,0
1803,1
1804,0
1805,0
1806,0
1807,0
1808,0
1809,1
181,1
1810,1
1811,1
1812,0
1813,1
1814,1
1815,0
1816,1
1817,1
1818,1
1819,1
182,1
1820,0
1821,1
1822,1
1823,0
1824,0
1825,0
1826,0
1827,0
1828,0
1829,1
183,0
1830,0
1831,1
1832,1
1833,0
1834,0
1835,0
1836,1
1837,0
1838,1
1839,0
184,0
1840,1
1841,1
1842,1
1843,1
1844,0
1845,0
1846,0
1847,0
1848,0
1849,1
185,0
1850,0
1851,1
1852,0
1853,0
1854,1
1855,1
1856,1
1857,0
1858,0
1859,1
186,0
1860,1
1861,0
1862,0
1863,1
1864,0
1865,1
1866,1
1867,0
1868,0
1869,0
187,0
1870,0
1871,1
1872,1
1873,0
1874,1
1875,0
1876,1
1877,1
1878,1
1879,0
188,0
1880,0
1881,1
1882,1
1883,0
1884,1
1885,0
1886,0
1887,1
1888,1
1889,0
189,0
1890,0
1891,0
1892,1
1893,0
1894,0
1895,1
1896,0
1897,0
1898,0
1899,0
19,1
190,1
1900,0
1901,0
1902,1
1903,1
1904,1
1905,1
1906,1
1907,1
1908,1
1909,1
191,0
1910,1
1911,0
1912,1
1913,0
1914,1
1915,1
1916,1
1917,1
1918,1
1919,0
192,1
1920,0
1921,0
1922,1
1923,0
1924,1
1925,1
1926,1
1927,0
1928,1
1929,1
193,0
1930,0
1931,1
1932,1
1933,0
1934,0
1935,0
1936,0
1937,1
1938,1
1939,1
194,0
1940,1
1941,1
1942,0
1943,0
1944,0
1945,0
1946,1
1947,1
1948,1
1949,1
195,1
1950,1
1951,0
1952,0
1953,0
1954,1
1955,0
1956,0
1957,1
1958,0
1959,0
196,1
1960,0
1961,1
1962,0
1963,0
1964,0
1965,0
1966,1
1967,0
1968,1
1969,0
197,1
1970,1
1971,0
1972,0
1973,1
1974,0
1975,0
1976,1
1977,1
1978,0
1979,1
198,0
1980,1
1981,1
1982,0
1983,1
1984,1
1985,0
1986,1
1987,0
1988,0
1989,1
199,0
1990,1
1991,1
1992,0
1993,0
1994,1
1995,0
1996,1
1997,0
1998,0
1999,0
2,1
20,1
200,0
2000,0
2001,1
2002,1
2003,0
2004,1
2005,0
2006,0
2007,1
2008,1
2009,1
201,1
2010,0
2011,0
2012,0
2013,0
2014,1
2015,0
2016,0
2017,0
2018,0
2019,0
202,0
2020,0
2021,0
2022,1
2023,0
2024,0
2025,0
2026,1
2027,1
2028,0
2029,0
203,0
2030,0
2031,0
2032,0
2033,0
2034,0
2035,1
2036,0
2037,1
2038,0
2039,1
204,1
2040,1
2041,1
2042,1
2043,1
2044,0
2045,0
2046,1
2047,1
2048,0
2049,0
205,0
2050,1
2051,0
2052,0
2053,1
2054,1
2055,1
2056,0
2057,0
2058,1
2059,0
206,0
2060,1
2061,1
2062,1
2063,0
2064,1
2065,0
2066,0
2067,1
2068,1
2069,1
207,1
2070,1
2071,0
2072,0
2073,0
2074,1
2075,0
2076,0
2077,1
2078,1
2079,0
208,0
2080,1
2081,1
2082,0
2083,1
2084,1
2085,1
2086,1
2087,0
2088,0
2089,0
209,0
2090,1
2091,0
2092,1
2093,0
2094,1
2095,1
2096,0
2097,1
2098,0
2099,1
21,1
210,0
2100,0
2101,1
2102,1
2103,0
2104,1
2105,0
2106,0
2107,1
2108,0
2109,1
211,1
2110,1
2111,1
2112,0
2113,0
2114,1
2115,1
2116,0
2117,0
2118,0
2119,1
212,1
2120,1
2121,1
2122,1
2123,1
2124,1
2125,0
2126,1
2127,0
2128,1
2129,1
213,1
2130,0
2131,0
2132,1
2133,0
2134,1
2135,1
2136,1
2137,1
2138,1
2139,0
214,1
2140,0
2141,0
2142,1
2143,1
2144,0
2145,1
2146,1
2147,0
2148,1
2149,0
215,0
2150,0
2151,1
2152,0
2153,0
2154,1
2155,1
2156,1
2157,0
2158,1
2159,1
216,0
2160,1
2161,0
2162,0
2163,1
2164,0
2165,0
2166,1
2167,0
2168,1
2169,0
217,1
2170,0
2171,1
2172,0
2173,0
2174,1
2175,1
2176,0
2177,1
2178,1
2179,1
218,0
2180,1
2181,0
2182,0
2183,1
2184,1
2185,1
2186,1
2187,0
2188,0
2189,1
219,1
2190,0
2191,0
2192,0
2193,1
2194,1
2195,0
2196,1
2197,1
2198,1
2199,0
22,0
220,1
2200,0
2201,1
2202,1
2203,0
2204,1
2205,0
2206,0
2207,0
2208,0
2209,1
221,0
2210,1
2211,1
2212,1
2213,0
2214,1
2215,1
2216,1
2217,0
2218,1
2219,0
222,1
2220,1
2221,1
2222,1
2223,1
2224,0
2225,0
2226,1
2227,1
2228,1
2229,1
223,1
2230,1
2231,0
2232,1
2233,0
2234,0
2235,1
2236,0
2237,1
2238,0
2239,0
224,0
2240,0
2241,1
2242,0
2243,0
2244,0
2245,0
2246,1
2247,1
2248,1
2249,1
225,1
2250,1
2251,1
2252,1
2253,1
2254,1
2255,1
2256,0
2257,0
2258,1
2259,1
226,1
2260,1
2261,0
2262,0
2263,1
2264,1
2265,0
2266,0
2267,1
2268,0
2269,0
227,1
2270,0
2271,1
2272,1
2273,0
2274,0
2275,1
2276,1
2277,1
2278,0
2279,0
228,0
2280,1
2281,1
2282,0
2283,0
2284,1
2285,1
2286,1
2287,0
2288,0
2289,0
229,1
2290,0
2291,0
2292,0
2293,0
2294,0
2295,0
2296,0
2297,0
2298,0
2299,1
23,1
230,0
2300,1
2301,1
2302,1
2303,0
2304,1
2305,1
2306,1
2307,0
2308,0
2309,0
231,1
2310,1
2311,0
2312,0
2313,1
2314,0
2315,0
2316,1
2317,0
2318,1
2319,1
232,0
2320,1
2321,0
2322,1
2323,0
2324,1
2325,1
2326,0
2327,1
2328,0
2329,0
233,0
2330,0
2331,1
2332,1
2333,0
2334,1
2335,0
2336,1
2337,0
2338,0
2339,0
234,0
2340,1
2341,0
2342,1
2343,0
2344,0
2345,0
2346,1
2347,1
2348,0
2349,0
235,1
2350,1
2351,1
2352,0
2353,0
2354,0
2355,1
2356,0
2357,1
2358,1
2359,1
236,1
2360,0
2361,1
2362,1
2363,0
2364,0
2365,1
2366,1
2367,0
2368,1
2369,0
237,0
2370,0
2371,0
2372,1
2373,1
2374,1
2375,0
2376,1
2377,0
2378,1
2379,0
238,1
2380,0
2381,1
2382,1
2383,1
2384,1
2385,1
2386,0
2387,0
2388,1
2389,1
239,0
2390,0
2391,1
2392,1
2393,1
2394,1
2395,0
2396,0
2397,1
2398,1
2399,0
24,1
240,1
2400,0
2401,1
2402,1
2403,0
2404,1
2405,1
2406,0
2407,0
2408,0
2409,0
241,1
2410,1
2411,0
2412,0
2413,0
2414,1
2415,1
2416,1
2417,1
2418,1
2419,0
242,0
2420,1
2421,0
2422,0
2423,0
2424,0
2425,0
2426,0
2427,0
2428,1
2429,0
243,0
2430,1
2431,1
2432,0
2433,0
2434,0
2435,0
2436,0
2437,1
2438,1
2439,0
244,0
2440,0
2441,1
2442,1
2443,0
2444,1
2445,1
2446,1
2447,1
2448,1
2449,1
245,1
2450,0
2451,1
2452,0
2453,0
2454,0
2455,1
2456,1
2457,1
2458,0
2459,1
246,1
2460,0
2461,0
2462,1
2463,0
2464,1
2465,1
2466,1
2467,1
2468,0
2469,1
247,1
2470,1
2471,0
2472,0
2473,0
2474,1
2475,0
2476,1
2477,0
2478,1
2479,0
248,0
2480,0
2481,1
2482,0
2483,1
2484,1
2485,0
2486,0
2487,1
2488,0
2489,1
249,0
2490,1
2491,1
2492,0
2493,0
2494,1
2495,0
2496,0
2497,0
2498,1
2499,0
25,1
250,1
2500,0
2501,0
2502,0
2503,0
2504,1
2505,1
2506,1
2507,1
2508,0
2509,1
251,1
2510,0
2511,1
2512,0
2513,0
2514,1
2515,1
2516,0
2517,0
2518,1
2519,0
252,0
2520,1
2521,1
2522,1
2523,1
2524,1
2525,1
2526,0
2527,1
2528,0
2529,0
253,1
2530,0
2531,0
2532,0
2533,1
2534,0
2535,0
2536,1
2537,1
2538,0
2539,0
254,1
2540,1
2541,1
2542,0
2543,1
2544,1
2545,0
2546,1
2547,1
2548,0
2549,0
255,1
2550,0
2551,0
2552,1
2553,0
2554,0
2555,1
2556,1
2557,1
2558,0
2559,1
256,0
2560,1
2561,1
2562,1
2563,0
2564,0
2565,0
2566,1
2567,1
2568,1
2569,1
257,1
2570,1
2571,1
2572,0
2573,1
2574,0
2575,1
2576,0
2577,1
2578,0
2579,1
258,1
2580,0
2581,1
2582,0
2583,1
2584,0
2585,0
2586,0
2587,0
2588,0
2589,1
259,0
2590,1
2591,1
2592,0
2593,1
2594,1
2595,1
2596,0
2597,1
2598,1
2599,1
26,1
260,0
2600,0
2601,1
2602,1
2603,0
2604,1
2605,1
2606,1
2607,0
2608,1
2609,1
261,0
2610,0
2611,0
2612,0
2613,1
2614,1
2615,0
2616,0
2617,1
2618,1
2619,0
262,1
2620,0
2621,0
2622,0
2623,0
2624,1
2625,0
2626,1
2627,1
2628,1
2629,1
263,0
2630,1
2631,1
2632,0
2633,0
2634,1
2635,0
2636,0
2637,0
2638,0
2639,0
264,0
2640,0
2641,1
2642,0
2643,0
2644,1
2645,0
2646,1
2647,1
2648,1
2649,1
265,1
2650,0
2651,1
2652,0
2653,0
2654,0
2655,1
2656,1
2657,0
2658,0
2659,0
266,0
2660,0
2661,0
2662,0
2663,1
2664,0
2665,0
2666,1
2667,0
2668,0
2669,0
267,0
2670,0
2671,0
2672,0
2673,1
2674,0
2675,0
2676,0
2677,1
2678,1
2679,1
268,0
2680,1
2681,0
2682,1
2683,1
2684,1
2685,0
2686,0
2687,0
2688,0
2689,1
269,1
2690,0
2691,1
2692,1
2693,0
2694,0
2695,1
2696,1
2697,1
2698,0
2699,0
27,1
270,1
2700,1
2701,0
2702,1
2703,1
2704,1
2705,0
2706,1
2707,1
2708,0
2709,1
271,1
2710,1
2711,0
2712,1
2713,1
2714,0
2715,0
2716,1
2717,0
2718,1
2719,1
272,0
2720,0
2721,0
2722,1
2723,0
2724,1
2725,0
2726,0
2727,1
2728,0
2729,0
273,1
2730,1
2731,1
2732,1
2733,0
2734,0
2735,0
2736,0
2737,1
2738,1
2739,1
274,0
2740,1
2741,0
2742,0
2743,0
2744,1
2745,1
2746,0
2747,0
2748,0
2749,0
275,1
2750,0
2751,1
2752,1
2753,1
2754,0
2755,1
2756,1
2757,1
2758,1
2759,1
276,0
2760,0
2761,1
2762,0
2763,1
2764,0
2765,1
2766,0
2767,1
2768,1
2769,0
277,1
2770,1
2771,1
2772,1
2773,1
2774,1
2775,1
2776,1
2777,1
2778,1
2779,1
278,0
2780,0
2781,0
2782,0
2783,0
2784,1
2785,0
2786,1
2787,1
2788,1
2789,1
279,0
2790,0
2791,1
2792,1
2793,0
2794,0
2795,1
2796,1
2797,1
2798,1
2799,0
28,0
280,1
2800,1
2801,0
2802,0
2803,0
2804,0
2805,0
2806,0
2807,0
2808,0
2809,0
281,0
2810,0
2811,1
2812,0
2813,1
2814,0
2815,0
2816,0
2817,0
2818,0
2819,1
282,1
2820,1
2821,0
2822,1
2823,0
2824,1
2825,1
2826,1
2827,1
2828,0
2829,1
283,0
2830,1
2831,0
2832,0
2833,1
2834,1
2835,0
2836,1
2837,0
2838,0
2839,0
284,1
2840,0
2841,0
